,0,1,2,3,4,5,6,7,8,9,10,11,12,13,14,15,16,17,18,19,20,21,22,23,24,25,26,27,28,29,30,31,32,33,34,35,36,37,38,39,40,41,42,43,44,45,46,47,48,49,50,51,52,53,54,55,56,57,58,59,60,61,62,63,64,65,66,67,68,69,70,71,72,73,74,75,76,77,78,79,80,81,82,83,84,85,86,87,88,89,90,91,92,93,94,95,96,97,98,99,100,101,102,103,104,105,106,107,108,109,110,111,112,113,114,115,116,117,118,119,120,121,122,123,124,125,126,127,128,129,130,131,132,133,134,135,136,137,138,139,140,141,142,143,144,145,146,147,148,149,150,151,152,153,154,155,156,157,158,159,160,161,162,163,164,165,166,167,168,169,170,171,172,173,174,175,176,177,178,179,180,181,182,183,184,185,186,187,188,189,190,191,192,193,194,195,196,197,198,199
0,3905,8097,1759,1512,7794,1899,9871,1702,4623,358,6437,755,7253,8606,606,1838,8656,550,3459,6018,6467,9144,9117,8742,6985,7312,7237,6322,5535,2770,4627,9610,4063,1587,5554,6565,6378,8108,6484,3832,9181,1055,5441,362,3042,3496,5932,9717,9813,7973,3472,6983,4475,3510,8509,3716,5287,8276,7690,8219,5822,953,4043,4410,7488,589,3394,762,4098,1152,7802,5345,5489,1455,7353,9772,1833,2345,1809,9086,8576,9062,1289,4029,6331,7278,2117,8948,6283,5666,9805,1372,8494,1978,5063,4173,7236,2308,9173,605,7226,1683,3984,6168,3099,5963,4012,4969,3002,7518,5110,9898,6395,9238,6735,7091,4027,645,9637,1806,1155,8321,6554,3373,6067,7843,7251,9704,6167,5352,6749,9560,1577,5425,9926,3571,6227,710,3963,8094,2301,2891,4676,3654,200,3169,9100,2417,2008,5627,1125,833,9974,2478,6337,7474,6609,3469,4595,5911,5937,938,2207,7575,4716,4001,2868,7768,2248,2275,7614,2099,3499,3548,5847,5968,3297,3458,3475,4759,8073,6114,9009,7395,4246,3652,4461,1503,622,324,2682,3059,8474,9378,707,697,5649,848,1202,2086
1,5573,9776,7543,1613,4385,6111,7233,6499,5514,4305,4531,3437,1786,556,3423,9272,9081,5568,3539,1828,4451,9755,6551,8743,8190,6367,8009,9411,4205,9480,4635,6995,6414,1438,3214,6099,8549,7629,4302,7460,822,3634,4607,1617,1638,6491,4306,5907,770,1476,4324,7266,6976,9655,4780,7214,6605,4589,3327,5320,558,8436,3639,2185,8118,7375,8719,3323,6324,7391,6280,4220,5457,5404,1264,8983,4313,8856,2800,9576,8378,8250,2850,360,2517,9380,2380,9591,2007,351,76,7514,4124,1486,3696,8337,3914,4425,2863,2653,2649,6425,9702,594,8293,7860,5741,6584,8199,8356,6588,9740,378,4266,7258,8151,2049,6104,4786,7620,8080,5498,4632,5447,7078,1939,4740,9601,7627,1206,1525,87,6113,3262,4388,2386,7608,734,7219,6897,7113,7713,4957,2535,1876,8580,7925,7443,882,4671,1335,4149,3990,8788,5092,3801,4733,8824,8701,7405,1203,4712,8306,258,3545,5696,6125,403,3702,4710,2870,8649,665,446,6249,9520,2852,5348,9122,1215,2484,6182,9522,1911,7345,5920,3947,3788,8130,5702,6811,8317,8354,2506,6564,5289,6926,9720,5713,618
2,3260,6747,6781,5918,8892,2174,6447,270,3698,4583,7737,8860,676,8964,2945,3024,463,1045,1323,2678,5782,896,9186,2234,3142,9206,978,2087,6030,7487,8243,9051,1557,1842,8737,1619,2661,1870,8333,1811,2916,7966,4757,9696,8203,7912,3831,2397,7943,553,6529,3667,2081,4282,8890,8690,765,7170,7989,4911,6288,4800,9646,1918,1776,8370,3049,9220,1910,6786,2979,3522,7479,4796,6886,4040,4261,5922,385,7703,640,5541,9477,2436,3521,8614,3447,2212,3699,6621,6502,2333,459,3729,1752,1384,8599,9919,9134,9398,5444,8231,44,5749,8507,7827,7243,9514,7763,5577,1328,6257,5525,2624,108,7729,7837,367,2480,3906,6105,4227,4720,4426,5626,6911,4054,4286,1460,1691,1252,9461,1007,3767,2634,3913,8362,1184,5258,1611,6783,257,9533,1271,9623,6541,5257,9594,3363,2747,3301,6247,2457,5717,3965,6100,3916,5070,579,7404,6746,3674,6804,7138,1399,1643,6492,9770,7165,2161,5062,384,3867,7147,7930,55,3031,8117,8757,150,7747,7187,9148,1626,9969,5502,2864,1718,8263,2019,7245,6411,8361,9854,7679,4834,4331,3992,5403,390
3,5618,1972,5198,5676,5599,8961,4340,4319,4731,5139,3134,927,1917,8615,2460,5933,8052,7902,746,3340,4100,12,2829,9835,9532,7733,3884,8422,5831,9826,2709,306,5162,9409,5137,8813,2177,4197,5293,9063,1291,7306,9490,9694,5983,4193,8120,1166,4560,548,683,8760,1620,6972,9174,4963,316,6206,9337,6068,7482,425,2381,845,4845,8281,1871,4160,9057,4406,7197,1710,6652,8850,8874,1608,1452,7712,5975,7743,2657,3971,7795,9989,9196,266,2319,5411,988,821,7521,1902,5872,3439,9567,5840,4314,5643,6656,9137,3789,9700,9752,29,5134,3278,9155,8133,1365,5331,4229,9548,5123,9402,5245,996,879,231,4091,7305,7895,8950,9002,1585,7368,1081,7416,7423,7528,8505,2109,9631,2,1657,7723,793,673,8221,6537,693,661,1254,8488,7937,3358,3624,1861,1464,4830,2263,3272,1262,6629,9146,9900,1159,5097,1682,1789,9608,2095,8271,5517,1963,7408,3132,5238,6569,2432,9166,4497,1508,6844,5665,2461,159,6558,7343,7986,1412,8911,4506,6015,2192,185,9613,2314,8369,4735,1301,9761,1580,4106,3678,2969,4380,678,8364,721,7857
4,3794,5848,8264,8284,8516,8894,7261,8303,9483,5172,2924,8714,4621,6861,6134,8823,2786,2889,114,8282,1717,7569,5262,8574,7762,8684,7373,355,5550,3084,8054,4692,9390,1734,1844,4588,5951,3563,6769,8984,8358,7980,3671,2206,6987,4904,65,6292,1380,5371,7337,5363,8351,7475,8700,3759,113,9208,9194,6469,4606,3986,6752,3761,8975,9939,2370,3498,3061,2181,2410,2430,3067,1314,9864,3996,3119,7216,7072,2762,8849,5555,4384,8858,5706,5332,4736,189,7675,941,9894,6815,6627,2700,1267,369,1231,6833,3211,3350,1251,7062,249,1315,3193,9844,8596,8061,9025,6485,9960,9260,8569,5580,6172,3590,4300,1868,3483,7027,6846,7643,1524,9392,6379,4032,1492,1826,8855,6132,3239,8851,5597,3017,2767,1383,5601,4915,7545,3115,2390,387,2994,3894,607,4062,3878,1187,1779,4514,1765,5928,1101,9558,2346,4763,871,7683,3242,5055,3517,7478,7205,3946,9032,5075,4429,3855,6971,1146,1614,9450,281,184,901,541,2519,4617,6659,2703,6515,5187,2983,3730,3973,1186,3507,2933,4125,4631,2252,6922,1105,9792,580,4200,9053,7784,3880,1190
5,9574,7587,9037,4525,5177,9814,418,9754,2743,1403,6869,1678,2677,5453,3755,48,9528,6223,419,5034,7275,5230,9234,2904,7615,9636,9470,6809,4801,4596,5175,7962,7850,7142,4251,4208,128,1024,5157,6419,5698,6119,3616,6277,982,5021,1140,8583,1333,6472,3747,9434,4548,4681,844,7260,6127,1096,2021,6675,4253,1468,983,3474,4449,9367,7987,3329,1745,3181,5159,2324,7215,8809,1001,9132,6381,5442,3772,45,4939,8085,6930,9677,5433,6150,9288,3592,9744,1026,8555,5566,7730,7486,5291,4332,63,3257,2313,131,5382,902,4235,5200,8395,2330,3206,1051,1720,4397,5182,4294,8922,9629,5354,8447,1078,9780,8842,6751,1976,6204,6913,4432,964,299,6589,7328,241,8725,4642,8212,8658,2134,1039,5361,750,3283,6822,4039,2351,1980,4650,517,5736,1995,1054,6415,4081,1609,2228,1300,4486,972,4797,5099,2083,8252,7060,7445,8184,3016,8075,7667,9448,5746,7956,7340,8104,440,9771,6725,5839,572,3865,5548,5104,6742,680,9867,3883,5174,7975,7559,7038,9605,8609,5272,2468,778,7778,7558,1470,1543,7999,2359,8227,265,2532,5033
6,6244,9192,4912,8423,9775,3713,9447,6413,6845,9237,7352,2580,9330,9290,4985,2108,1926,4867,991,5945,5253,4457,9362,2145,6888,7265,62,1637,4421,9513,8651,5773,4871,2587,8433,7516,4273,1221,3253,5653,5058,6579,8135,8670,1303,7591,5846,6265,4921,2401,6599,6022,1209,2920,4009,4025,4321,277,7384,8932,7764,5875,5282,2527,4788,689,1553,475,4518,2498,7497,4903,9693,2978,2040,6736,5947,2710,6989,6158,7431,3998,2538,2193,7596,7838,6601,976,3813,8261,7995,7247,7131,6295,138,5523,4353,9064,8314,4849,8930,8688,6771,4966,8197,7098,6714,1856,7639,916,2793,2428,9423,4709,7824,7651,8619,6984,7807,9653,5751,3395,4265,4411,8262,4909,6406,6444,9250,6717,8148,725,3701,6867,6871,2768,4276,2073,7805,5114,2899,8807,1451,1894,1048,4375,4311,8123,7355,3238,416,2928,3893,4847,3637,3565,8767,9199,5564,9661,8022,3012,105,9179,6466,604,666,826,8923,4216,5429,5708,7420,9728,1967,6140,5438,7188,3941,8269,9170,9078,8399,8296,6465,6375,8913,7874,6670,4394,9130,8916,3185,1919,6488,4688,9657,2844,3921,5144
7,2477,2797,511,6857,1513,4161,6887,4118,815,4443,6209,6530,9276,3407,4748,2571,6421,9836,9040,5163,8828,5992,7954,4031,8748,828,5760,943,3547,7959,9343,9509,8685,904,2735,9519,7665,1805,5925,4753,7032,9917,6967,3451,8990,331,4665,2448,429,9241,1344,2188,120,8647,9604,1011,8774,6956,5734,6697,4296,3640,8365,5536,2712,6526,3959,5622,4556,2490,6386,1896,1375,218,5671,2039,18,4695,4968,5815,7645,6285,1535,7133,8316,4855,4694,7735,5631,6049,1905,6273,2642,5005,5695,1012,9003,7808,5359,958,1305,5791,2074,3422,6816,4058,9045,2485,6489,8905,1419,1056,7303,4283,9535,874,4317,5565,9094,730,932,2836,5294,8020,3532,2548,1307,1505,1559,4171,6711,9975,8582,2267,1253,1226,2270,1693,7976,2172,1496,4826,5661,8310,8015,7828,5129,7654,9466,7949,1507,229,8626,9701,4840,2592,2573,82,5759,5966,5883,2658,6486,6591,2054,2002,9021,37,4428,1845,6248,7019,272,3438,3743,7320,4101,3224,9321,2901,5552,8464,3163,8896,9054,2941,1356,1519,3129,5888,4704,225,1076,4882,7883,3780,9114,3835,8161,1923
8,9087,1199,2229,876,4206,1656,4498,1661,8857,5364,5395,6622,267,1677,1815,7911,2963,4494,8106,5197,4713,6429,9995,3920,23,6124,421,411,8512,3208,4493,6328,5443,4959,1880,7761,7572,6422,304,9452,8069,6830,5091,1456,4017,650,9278,642,1342,503,1256,6646,8207,6586,806,4529,1701,4920,9817,8103,9716,6342,3189,9559,3387,4951,695,9682,9803,1725,7958,8259,4126,2882,2552,2976,5703,350,1888,3503,8621,906,8311,644,819,2731,3192,6653,140,1082,4207,6698,8011,794,6596,6433,7734,6743,9945,2594,8895,2294,2421,437,5519,7845,3948,7903,5387,1640,8510,3403,3662,1930,3815,9489,2419,8740,7249,1053,9708,9848,9663,116,3440,7939,3006,3188,7020,2944,3587,9001,8926,8407,4343,9000,3911,2176,9313,5677,5682,8255,8192,1269,9096,6403,7803,119,7208,7990,462,9332,4769,9588,2809,3753,1727,2438,4629,111,7380,8024,9869,443,5344,1777,1590,723,4537,4893,3392,5887,7225,4480,9997,7848,5212,2533,4141,9459,3122,5278,6527,6692,7064,8210,8703,1018,2769,5250,1385,7564,3800,8154,8716,9225,659,9366,745,2693
9,1785,4228,164,2384,4325,9182,4508,6279,868,7209,1035,8217,5318,9566,2203,2999,5821,2652,1662,4808,775,1041,9408,5024,5016,5493,3550,1491,6287,6934,1371,2707,4151,8032,619,3693,686,188,4524,9368,9936,3991,9143,311,1521,1576,6738,8414,993,8755,5396,6755,7068,8469,6849,1934,5866,297,8146,1474,4003,5053,3618,8301,194,176,5910,5334,992,4807,1217,5011,4381,4897,4285,2553,6905,4943,2255,1406,3288,763,1794,2982,8547,6853,4491,7610,7759,2387,9757,852,2306,1401,8247,2068,6508,5942,7625,5904,1310,9082,2691,3525,153,3177,5180,9672,8931,4730,3125,8031,583,1589,1390,2685,6763,5195,5456,7477,9456,2531,2825,6103,8215,657,5220,1104,7781,9882,9169,3818,9320,3352,1402,804,7076,8754,8668,2302,4790,781,9870,1648,6876,58,7335,6910,4669,9209,4373,7650,7547,7754,3460,452,9916,8216,5770,5930,863,5768,7632,9498,8508,859,6878,5419,8068,8325,4941,7513,2017,3136,7492,6094,6473,9365,1754,4239,3731,8491,3187,7970,9977,6779,7164,704,2585,2880,8814,7696,8713,8380,9941,809,4077,3319,8304,199
10,8659,2186,9374,8793,1784,2102,8404,2627,2103,9804,3727,5236,4803,5587,4143,5915,250,2321,9909,7282,4647,1294,8695,8825,7467,2080,6304,5827,2323,8715,2261,2980,9767,9590,3296,8042,302,1736,3344,5158,3983,5304,9482,849,7571,7592,5098,24,1493,894,3857,834,2014,7928,692,259,8608,7702,435,5817,6389,2696,7580,4122,8617,9140,2574,1032,614,9149,9056,1530,3497,4682,8322,9113,1388,3516,6821,5432,5260,5801,8610,7257,1440,6777,1645,5171,1680,1099,4810,7812,6724,3055,9692,2422,962,8768,5105,183,6961,5341,2859,694,1739,5085,8066,9478,724,6010,3687,9762,6778,8794,1709,1351,6908,8929,434,8268,6879,887,6261,4472,1746,1361,5895,6361,8667,4543,404,4088,8352,9165,7635,6454,8224,5370,377,3762,2441,9853,9131,785,518,2496,3372,8487,549,7717,3442,7788,396,1084,8018,8099,6120,2741,6785,5255,1877,4036,5314,7476,3890,5232,9547,8912,9197,1750,8769,9801,7047,1988,5711,6128,3641,5709,9359,531,7449,6788,3261,571,1741,2500,2960,716,5877,8883,3839,7701,974,4521,4670,7483,4264,6957,918,7155
11,8822,7481,17,8710,6694,9233,2214,6817,8309,1564,1788,9824,5998,7130,9292,2641,2400,671,5850,8171,3877,6715,5156,3108,7797,5557,6792,6494,3113,3094,8927,1411,4526,935,3531,6895,3101,7557,4396,7056,9976,4649,9922,4698,9379,767,9579,7264,955,295,3964,2038,2197,1511,748,2577,3524,957,3044,2798,9348,8643,2277,1425,1059,5923,9891,9749,4835,6011,6893,5687,5505,3441,88,9198,161,4370,9226,1761,8044,8204,1903,8164,2232,7740,4699,8256,4737,719,7052,8503,535,5989,8092,3966,172,4768,8484,4483,8786,7536,3523,1892,5152,8419,2006,2322,7289,1582,1983,6705,5223,2444,4055,5874,9386,9161,8193,3604,5518,6481,9389,8288,9895,6301,7674,5798,40,1924,4402,7568,9847,2012,7319,2337,6171,4541,1950,7664,2608,1550,5365,8699,555,3626,4382,6542,2748,4974,9901,9540,5556,5976,1864,1240,4259,4442,7530,3477,2459,9787,2162,6017,9224,1177,4964,1324,2000,5616,9725,3105,7998,711,1635,5761,5935,1000,7096,4866,2204,4231,884,86,5584,2855,7721,2621,221,2140,773,760,838,9139,7919,2035,273,2179,2650,4581
12,2659,5611,2508,3186,7309,9970,3776,3630,1355,7242,7918,1904,1334,3406,6142,5416,5081,3161,2713,7051,8991,8869,7983,4860,4158,9105,5464,1306,8185,5829,7549,8345,2721,4550,8721,1087,7731,4747,4322,9914,3706,7877,6309,9476,3484,1532,1730,456,3793,2271,47,663,8289,5742,9715,7678,4705,4983,7086,9783,1960,4715,1176,8566,5026,6517,2561,4405,9626,3581,9449,5378,406,4774,4792,3856,317,9896,4057,895,4620,1072,528,829,4746,6918,6316,8873,1989,7207,5206,8201,1393,6566,4247,5218,7291,6026,4954,7961,7292,5193,4191,1200,3064,7093,5889,9911,5207,7834,6632,587,1822,7376,8098,2967,3723,7347,7284,3195,9820,4917,5474,3266,3580,8810,2474,1654,3600,998,2131,818,2249,5730,4083,4130,215,2843,4139,2469,7612,5409,792,5,5067,7210,5217,7350,6418,7920,8089,5303,7847,9005,7801,1999,414,7360,8885,8188,6828,7403,7984,1319,8829,7798,592,7542,3781,7341,9441,1204,2846,1285,5699,9065,4901,5237,8871,9827,6823,1070,787,2893,7855,2090,2558,2259,9433,1965,9723,7468,356,441,5264,9108,7145,7198,532,7581
13,1548,8960,7546,772,7256,4602,6210,3227,4919,9044,756,7362,3258,5473,1981,9727,3814,8781,7217,6369,1829,853,7048,3450,3939,921,3825,7978,1410,5266,4169,4413,3544,2225,327,529,9340,1853,8629,7484,122,206,6372,5315,3298,6868,2360,5728,4995,9463,9515,9089,3858,9414,5381,4192,9656,7823,4408,5957,9964,3827,4829,7508,8001,8978,3001,9992,7089,8302,9855,4008,8331,9228,7259,1834,1979,7935,8420,6880,1599,5111,7010,7162,8803,9562,1214,7026,506,4542,9205,3152,6611,9188,6732,132,4446,9492,4626,2541,2717,1495,5406,4418,3738,4328,8627,6311,9026,1131,2208,4427,8771,9573,1554,2155,5656,154,9954,6246,1879,8704,1588,5841,9609,5288,825,6024,6801,2413,102,8683,8277,9504,7878,9323,8590,8187,4868,6221,7972,7301,6758,7748,6126,2170,402,9985,6618,9838,2575,7997,3178,986,6020,3359,5362,3758,2551,7025,7400,3972,6231,2425,8997,4436,3931,2238,2942,1157,6380,7017,1711,6207,4176,9160,597,4673,4519,9141,9299,4685,7464,7634,5226,9639,5790,1366,1065,6789,6476,2539,4379,7554,1618,4680,1382,3305,3945,9516
14,6940,4876,8463,9377,4148,1996,2097,2358,4937,9962,1672,4992,6452,7511,9159,6639,9888,6197,3453,1937,2463,4751,8079,4775,4585,3829,6921,1658,9388,7583,5826,7439,8763,1213,4946,2563,9862,919,6327,2583,6581,7519,2429,1878,4209,8759,690,7104,4697,4056,6368,3576,1249,4896,5247,8552,3446,9789,1900,9275,1309,1387,6090,1624,684,3490,4795,7941,877,9892,3345,2746,25,6674,8513,136,2320,7851,8697,5520,9793,6155,1222,9965,9011,4944,4940,9903,3229,4377,7633,5737,8881,7706,2125,567,1768,2373,8752,7691,5350,3300,7640,2110,4738,3426,4958,5641,3433,4059,2971,5312,4989,9784,1028,7948,4463,7584,6594,8801,1819,2692,9978,2223,8,6872,8584,8722,5955,478,3685,2830,7942,2965,7008,489,8360,8558,1424,4183,1738,6045,3642,2169,9076,1793,4315,975,2070,9115,1352,2968,1860,93,8686,1528,9750,8129,386,911,4630,6808,2806,5265,5743,925,2242,6383,1364,6252,2165,6038,5586,2975,26,8472,7455,3665,4495,3236,2961,4864,224,9531,9987,7493,5571,9643,2411,1855,1875,1398,6377,6149,9135,142,6685,7006,5478,7071
15,5858,209,6760,2215,9624,6827,6399,6371,247,6286,7288,7034,4565,7196,64,7820,6136,6048,7232,6008,9322,4052,4409,2814,6864,8511,6215,5876,5546,5588,5010,484,4609,7230,3861,9244,9938,2220,3628,7873,8821,6943,8125,6270,9158,4459,5313,8440,21,3956,2771,6233,1433,1346,4096,7852,7882,5685,2032,2101,4509,3072,8986,4215,1927,8376,5807,2367,1276,4566,1728,3611,1216,8679,4132,1250,8371,5268,208,7889,8113,9247,5297,6708,1465,6002,80,1592,7438,1639,9060,839,6592,5508,7367,9424,6319,7600,2447,4484,5732,2018,6097,6896,3915,7780,5161,4622,6900,8862,2349,2601,4711,4372,1887,6160,9080,7183,8790,862,2765,6212,1350,7433,1331,2523,628,4605,361,9674,4447,4950,1272,2166,4980,9587,5679,9652,6405,4702,9312,1841,292,2837,1414,3619,5619,1235,2858,4119,8485,5259,1555,3591,9773,3293,4634,197,8595,1420,2221,4916,4299,6014,7728,8143,8561,5740,6557,3465,6532,8461,4706,4975,6894,3234,2628,6141,3408,8372,4477,6690,6602,5439,5125,507,6192,9719,8645,8043,1509,2031,7268,3022,2224,8994,1461,1481,5480,2828
16,7286,471,7772,8789,5077,7229,1234,2509,2344,2144,2690,5602,2287,4180,8294,4066,6703,147,1431,7985,6344,7697,2927,1706,5263,5479,5851,5340,4612,2896,3900,6836,2936,2291,3265,1191,3663,2015,3707,5956,1968,409,900,1774,4906,8253,8639,1688,5201,7310,1205,2909,7892,6056,3162,2243,8661,9217,7470,6997,1560,1607,5203,9658,5871,5719,8962,4725,9778,4990,106,7589,3481,6658,7248,9834,7708,7294,6495,5424,8086,338,700,3366,5349,457,5716,7299,4771,4691,6332,8981,1196,1692,426,706,6666,1192,6739,6555,8622,5452,4177,6802,7540,8078,6641,1261,1583,322,5878,6443,2366,3798,5038,5867,632,174,1631,9861,6595,2504,5775,5899,3961,2839,344,236,8438,4147,6351,2093,9714,3830,8517,4641,8728,9236,5045,2194,3862,3778,4523,9207,4327,8297,3065,323,6848,6349,9873,2698,3382,1956,2857,521,9119,1260,9644,9464,1955,4471,7859,5777,9785,1567,2282,2096,712,4112,9807,8720,8878,7269,593,1089,4648,8062,7184,5296,8797,4504,6891,1139,9670,1489,69,6519,3204,3598,7412,3555,4994,1623,4984,8924,2005,3553,2565,7570
17,4552,7724,6461,6396,1872,5606,1168,9041,2930,8689,3235,9534,2133,1808,7057,3659,2751,325,7012,8696,4115,3803,7361,1591,4153,2210,28,279,6593,8350,4645,3367,4310,4743,8100,364,9556,5524,2029,9314,951,5373,8498,1207,3167,3864,7630,4841,1857,9091,4078,4444,3482,7720,3647,372,8741,4437,7255,9317,7296,1652,5645,133,2062,3926,1659,5600,7422,7695,2887,3745,2046,8634,7358,139,27,4230,156,6859,4652,736,112,5243,6402,2950,7136,2752,4262,1008,4419,107,6800,6457,3150,4225,6712,5060,5377,504,9396,4918,4805,170,807,1363,843,6734,2357,5451,4284,937,3170,1766,8160,527,3892,8908,7716,7813,8298,8240,776,8796,1562,1002,3802,3334,237,2616,8455,8270,4163,6177,4326,8607,9845,7700,6578,7819,5275,8186,2842,4092,8681,1482,7793,7636,8939,1707,3681,6357,2869,4474,6041,6516,5865,4965,5852,4851,9457,3621,2033,7141,2662,1943,8836,6841,3999,3564,4547,6188,9981,1015,3431,6507,2831,6229,5941,6676,3038,1405,4701,4462,3057,5039,4741,5854,9627,4194,8766,1381,6534,1284,4094,2483,7348,3486,191,8467
18,4245,7871,2579,1061,7960,143,6892,9957,1684,7382,1832,2113,1922,2570,1472,8266,2247,9878,5561,8899,2736,5491,3093,5880,6338,2057,1034,9251,5173,4363,5343,8140,7331,4154,2278,7844,8872,268,1676,1964,5056,7822,8567,4136,8033,9880,969,7879,9203,4368,2053,5802,3703,4892,5987,7606,9615,3370,2120,7061,713,458,519,1181,8637,688,6032,5931,5323,842,8205,5019,8198,2489,2840,366,5190,4825,7718,705,2098,5967,8265,6733,7114,8902,9282,5914,6118,5640,6505,973,3148,5678,8016,7287,9403,786,5659,9039,6051,995,599,1198,7864,897,9721,534,7699,3549,696,7719,5954,5562,8273,7414,1946,9033,7858,8413,2807,7662,880,3330,8260,5843,51,9352,6719,9216,751,2244,2974,8976,5543,2061,7787,9543,2355,5408,1327,1531,2414,9212,6076,6497,8470,3216,4336,2406,2760,3252,3318,9444,5692,9815,1338,893,7901,5936,5051,5526,5808,5167,8329,262,1279,4170,3461,3627,5800,5662,994,3712,1571,5683,4369,7176,8969,4658,4243,9416,3309,5506,3764,2292,883,9430,841,7684,5183,3737,2479,832,7685,1795,9680,9328,5593,4489
19,3191,7974,5572,8744,6644,2589,3709,8731,9084,6630,7887,5575,2805,9442,1603,5513,6106,3620,3091,6650,9529,5149,374,8591,3980,4821,7736,1302,468,9546,8859,1660,533,3732,1318,2931,5712,2534,3241,4260,5961,9351,2084,8267,9487,4907,8678,8747,7037,8717,8318,328,5724,6838,7435,4301,7707,9098,3735,7751,3708,1884,4006,6183,8375,1622,2262,2946,8278,6294,6435,3210,3218,6065,8035,2412,1357,2458,9737,735,68,8989,8030,2499,9164,7366,1551,2297,4131,2001,5088,3734,3757,7128,4677,7206,202,6635,3109,3537,3773,8442,6235,8402,8765,8559,1299,1977,104,4520,8519,8834,3052,5595,1961,2776,8780,4016,5346,5431,9446,7046,5169,1534,9904,2375,824,7122,7059,5814,6321,3586,4272,4532,658,9589,5783,2854,6561,3932,9383,4037,7776,1224,4386,2878,3295,4600,9526,2861,6662,5375,7152,6225,1273,5484,2424,6568,6175,5909,4539,2914,4107,6890,1233,9858,2993,4400,6803,3304,7915,5398,2921,8152,2892,9955,596,8882,8441,7550,6009,6923,2778,7397,3255,4015,738,9956,6463,246,9156,4439,8910,977,8660,4,4114,3164,9675,1396
20,8906,6931,2681,4815,260,9598,1232,3058,8173,4051,6145,9304,578,3342,6693,3577,5964,8665,7298,7485,3955,5589,6843,8147,2665,8533,2554,9553,5000,2034,7590,1195,7739,8550,4500,6855,9842,3903,4278,5981,9743,7673,117,9123,4858,5607,6520,2268,5357,1098,4263,7313,315,1541,1292,563,278,7036,3054,8946,2200,9127,854,9397,415,8479,2848,7454,5121,1695,9151,9010,7757,6753,7035,6620,8545,7746,6432,1775,6689,4179,126,9596,39,5080,3682,3263,5655,5996,1506,5090,8805,9410,1898,4357,6847,4779,5276,8575,5211,1395,5690,1925,808,5644,4445,6228,5977,3786,566,9931,244,2399,1137,9863,6772,5204,1173,9097,1708,5496,1886,498,7418,8017,575,3940,2952,9121,4717,6053,3566,7120,6988,7806,3127,8624,6062,3704,3190,8838,3896,1814,942,5047,3409,502,7388,9764,1632,7421,4770,7090,4155,3846,9932,9193,3670,5632,9245,2044,1722,3284,9889,8490,2312,1625,1948,4079,4011,1243,8347,6700,4636,2643,4450,7102,2876,5856,275,6709,7139,6089,1772,9401,8955,1343,3154,3371,7964,7058,3836,3660,8486,2374,7512,5810,803,7523
21,1810,5629,1566,4433,714,3432,3175,6548,301,8581,2105,7967,1891,1409,4787,7619,1293,1501,6740,3384,2801,4905,4423,3448,460,5112,2670,5578,2182,412,2935,72,7115,1781,5672,8393,2052,433,193,6392,5100,8287,6791,3251,476,2603,8523,613,9223,3595,9816,1268,4113,9354,3518,6522,4723,7192,1263,9621,7427,5757,5642,5485,8386,1744,8775,2516,8036,8819,1544,2526,9391,99,2903,5392,7672,5086,2510,2064,5897,7957,445,2542,165,2482,8958,3875,8003,75,898,2686,1074,7277,1957,4226,3029,3925,6276,4503,8431,6748,5273,6474,6687,2711,5249,7075,3126,2671,9633,6903,3023,4018,5337,581,5003,2060,2849,9651,8974,6047,4722,7124,6695,8562,9222,7520,9481,1094,7173,9641,2437,6640,5639,7744,1408,8753,3719,7653,1760,9093,5309,1796,337,346,6289,9530,2951,4120,9988,2923,1330,788,9958,2799,8169,4806,1370,3799,2590,4347,8157,3139,2630,2515,4894,7308,1969,2702,35,3819,4159,8162,610,1237,9550,7095,5342,9984,9279,7670,4021,6218,703,4072,4567,6707,7932,1210,5383,6154,5563,6963,3711,7274,8111,2396,823,2199
22,335,4464,1407,9800,480,7538,643,861,6138,4485,1916,298,3859,7003,8007,2334,5196,8245,5558,4776,8279,5164,9168,7087,155,8392,3466,1117,1108,1281,499,1427,1679,4150,8669,2824,5450,9563,6475,5285,5004,3141,180,8429,2549,3742,178,2051,7273,482,5046,5570,5733,634,8500,8531,1120,2913,9597,1670,9849,1116,3504,2143,2241,2894,537,601,6511,8400,2450,3684,8109,7981,2816,9920,9316,1821,8101,6449,2827,6079,9318,7537,9014,1282,3629,2521,2274,2152,9990,7135,7796,5694,1325,1846,733,5836,6657,7951,6417,8343,1997,7599,4090,4080,4074,6211,2157,1909,611,6970,1797,3013,3717,4534,1610,2834,162,8936,5020,9812,9760,7311,5811,4846,6240,2962,2688,3396,2733,3683,2716,4071,2100,3014,9191,4564,6239,9239,9763,8928,9910,7755,8384,3179,2127,5360,5668,4761,7116,8773,7371,1144,253,6521,6187,4110,8226,4047,2706,2028,4020,4666,4578,5522,9259,3413,4861,2159,9125,564,19,5786,5894,7866,5476,9722,3410,892,3958,8328,7272,2201,2092,8594,6829,6031,9295,9440,7727,8919,8312,954,5879,4758,5052,5796,2584,7835
23,8012,2123,8053,8076,8134,1546,6655,1459,9211,4048,0,217,9469,8698,9310,7043,341,3041,5636,5239,3615,7392,4862,6108,4831,3060,2392,1119,211,9501,858,1932,5953,6570,9079,5835,464,2257,1606,2467,2715,6214,490,4044,6423,9472,5467,4638,6336,9585,3427,261,889,9557,8446,6482,7711,3415,3081,8537,4069,2732,5073,4454,1175,4571,7515,2371,2394,2305,5497,5755,4742,7156,4739,9305,4393,7510,7307,8723,8548,6506,9291,2514,931,6807,5032,1681,5926,8602,8367,2466,8453,3725,5462,800,222,4138,56,3130,6604,8672,4211,3809,1378,5723,7968,192,5604,7369,7760,1162,431,8959,1019,5402,9327,8832,7346,9142,2753,8524,1731,3470,1367,8077,3103,3294,3509,3954,8067,6012,7297,7692,7108,4014,2620,4281,9072,1818,2183,8285,7099,9074,6664,4724,8275,5934,7195,7453,6300,1394,7252,4487,4172,8010,7811,4885,3271,5615,1764,5109,5410,235,8248,9338,7063,9705,8571,5012,7079,3430,9732,7663,1052,3353,6054,649,3960,5231,2135,6663,3357,9967,7601,6626,7321,1885,4599,9157,6874,1432,1111,234,6535,7766,5974,2235,9406,6837
24,831,4383,5116,1561,588,4355,6914,2795,2763,4499,1743,7618,20,3632,2938,4075,8638,959,5311,7979,5582,6028,4116,7849,1572,9073,7825,668,3231,6355,5999,5240,7157,757,4038,1931,4856,8798,8349,115,9372,4644,3116,8430,4065,8229,5181,255,8641,8691,4042,3019,1027,905,754,1644,7551,3648,9688,5176,2276,8918,5995,5503,9839,7499,2885,2714,2254,5701,3444,3106,9189,3184,9230,8497,6137,4844,4791,1258,1771,3454,627,4750,207,1971,2075,2625,2378,3823,30,8750,4522,9324,5286,4034,2462,8663,5224,9283,1755,9499,6428,3607,1211,8327,9427,5394,6536,3421,4097,6723,2545,6718,7304,9678,3399,9302,2820,3805,9980,6087,8182,2998,6835,6019,2455,2988,3804,7785,864,486,9382,9667,869,6839,5774,8623,4843,5446,2764,6668,3374,4430,1153,4802,3790,4013,4465,9552,5816,6398,9467,6230,6174,4104,984,9200,3471,2934,913,6933,4366,8363,2544,8412,6431,5946,1573,9341,3623,6139,2862,2610,2352,4895,4925,5576,223,7285,1490,8648,5128,3679,2272,137,9301,7028,8546,2704,5501,2227,6603,699,2780,9373,3601,8159,3365,2047
25,8705,3739,3924,3207,2838,101,3364,3473,9790,3975,8830,8827,4196,6027,3100,9830,4881,9277,1479,5380,7831,6195,9523,7749,8218,7,4811,6275,5745,5908,3351,5132,9508,8102,3844,3183,5267,5494,4217,6928,1469,9886,5861,1998,5823,78,98,9649,6759,9331,349,2908,3199,4610,7965,5902,9607,7212,740,3901,4755,2171,1248,3144,7426,57,1758,8897,5393,7447,3970,5771,8636,552,5216,799,121,1174,1354,1565,7638,9572,1990,5017,4924,110,774,8064,2486,6831,5504,9525,5153,6875,4086,6624,7953,3355,3771,7841,4614,4970,9538,9846,1569,8194,3750,6981,9344,717,3249,9564,6029,9833,3290,1158,320,1102,294,1824,5778,3361,950,420,5973,7333,5101,8938,5186,2783,2217,8792,9859,7085,9825,790,7088,7330,5069,5326,1991,9788,4448,2815,4527,6156,3171,5674,2918,7280,7295,8553,4510,3303,2338,2079,9246,9679,9249,3636,2556,7159,2043,9214,9593,6044,2718,585,6353,6074,61,5765,8353,6219,2949,6741,5025,4102,9419,2042,2022,5721,6112,2739,2722,7300,6266,1317,3333,6180,9363,3686,9819,413,8460,9426,961,5347,2683,9746
26,5014,9856,7555,1578,3657,6401,9023,5985,9347,4575,8039,8515,8495,1457,7171,9497,6232,9180,1095,5952,9349,7246,3348,660,6148,3491,3248,6157,2230,8019,9902,6917,8166,5969,2730,9751,2280,1373,6881,41,8544,474,2350,1570,5418,709,6665,9043,95,3070,1920,6784,6147,8172,4344,8762,8675,4359,3593,1466,7905,1442,5970,7002,5900,3988,5001,336,9907,3982,3230,5971,6306,3609,5321,5427,175,3512,1336,9561,1698,6576,4240,3088,6267,5290,1058,7322,8535,9007,9375,7456,5735,6083,6636,2860,9266,6500,2427,4923,7105,4961,1713,687,840,9806,1869,5965,9385,276,9730,2631,6980,3907,4292,783,3728,5184,4784,4848,4049,2673,9706,9491,4726,5274,6117,1369,801,944,2250,2058,3603,3508,3669,3051,8156,9577,2372,8543,5534,5664,5461,7524,2720,6901,789,4883,1278,3677,2118,5585,5804,6078,2582,8945,5538,6260,5430,243,759,2439,7677,7370,4654,3710,4232,8239,1735,8604,6034,9306,7451,2598,2342,9810,9453,79,1897,8462,6330,2112,6919,4167,7191,4053,4572,417,3223,6477,3436,7228,177,6346,8394,6513,7563,9126,3215,1827
27,2745,9843,726,513,3944,3276,6072,7913,3918,9458,8377,4203,3281,4002,5686,4836,4271,3930,9912,6818,9107,6672,3651,6729,9883,198,6545,4323,7588,8676,7809,4187,2925,6440,573,6512,515,7393,2233,4431,7509,4222,5127,5454,771,2788,8028,6598,9422,4348,3135,8693,1825,2543,2600,5991,6314,3957,5787,8041,6699,9017,7222,3879,3250,3952,4342,9768,1480,4111,8096,7446,3768,1949,8450,600,5609,814,5720,3414,926,6731,1973,3784,4099,348,3165,5256,3606,6912,5795,2646,2402,4576,5598,2808,5842,7440,4287,5329,4833,227,3259,6144,9614,2738,8432,6071,4089,1975,7826,2213,4872,5435,6082,8223,7083,1485,4145,6193,6135,7399,9796,9915,7401,2129,8481,1694,2689,6761,7909,7836,7955,6776,743,9595,3110,4877,7014,1143,5893,6220,3082,1441,6679,4070,2288,3389,2781,6929,9925,9399,9654,9495,7080,2184,9697,9899,7203,7325,4473,4603,8238,7175,240,7525,6953,7344,3420,7680,7885,2146,7146,8458,3700,4953,4087,5669,5214,3724,9311,8222,4109,9676,310,4593,1933,2833,7863,526,3080,3534,2948,2317,8167,2540,7279,5605,7631,2258
28,8815,127,9622,1288,4888,7616,1836,8434,2635,1651,9031,4162,4401,4619,4064,2803,8877,9342,4678,9671,886,5330,9659,4640,2111,5222,8901,648,4814,8616,2990,9570,3870,5799,1820,1046,7927,1304,8286,3949,7480,4667,5118,343,559,9138,1274,7041,5030,2954,8342,7682,3203,8153,3244,5634,3349,9153,3722,6427,2209,7224,74,1236,1062,1379,3951,8726,2581,747,4416,3556,3341,1450,2511,7077,1769,3336,228,42,1150,1109,8246,4890,3888,2202,3981,630,1134,8539,1188,3194,7005,796,5391,6001,1037,7773,866,3746,1646,9539,263,7870,9521,2237,1161,4137,8674,6013,3039,91,3887,368,9473,5040,7534,7544,6181,510,9998,2559,1043,182,1167,4979,2266,9167,7988,9795,8891,8518,2335,7922,3111,6412,7929,6798,6179,9683,8635,6571,8056,1936,675,339,5673,8612,3313,1118,8577,1259,375,2069,6296,1448,5646,5048,5948,4513,5301,7522,455,8603,9798,5368,5718,3068,4502,1748,5533,4084,7013,4479,8326,7611,2296,3056,3690,6109,3149,5154,5569,9077,7458,2405,6050,9432,3008,9106,7234,4929,473,1602,3774,8242,4214,4914,204,4019
29,4501,9884,2845,3826,9050,1696,3131,3527,4050,1704,1862,6615,4869,830,9289,8383,4105,875,3770,8598,672,2566,6782,7553,4998,4188,7840,380,5982,7574,13,1686,9232,2065,67,4434,890,2149,6170,5684,4378,3047,7907,4360,7178,5188,7254,9370,5108,8732,6577,3418,2737,4085,9781,9822,7567,3714,3201,9088,4174,2303,1724,7904,3209,9102,8925,6184,4144,8181,8013,1340,980,4362,6612,6299,6633,5958,8804,4060,3083,6061,945,6960,4908,9993,949,3076,3443,1484,4660,4949,8568,9502,6573,1850,7924,5007,283,1326,373,1389,8501,873,3666,7993,8756,1093,4639,9083,1757,6950,1642,2388,9008,6075,5509,7339,4809,8625,8045,1804,3455,2926,1945,9269,6101,3594,6302,8299,4586,860,741,9961,7888,1220,7007,7053,9966,669,3275,6544,2560,1596,7862,2501,7044,6503,171,1801,8305,9201,2520,7617,6169,5891,2025,6682,3232,9983,6438,7936,4675,4956,9710,7839,7314,3425,3102,4242,4213,5515,2591,8525,952,5739,130,8214,2794,2537,8368,2633,3656,1122,8644,2819,8951,4690,3274,205,3377,3007,6958,8315,1010,8957,7123,4515,1121,4674
30,2790,1712,1164,6964,2708,8820,2393,8564,5420,7411,9412,6490,1533,8336,3003,4189,1435,5138,5336,8854,8870,4540,6146,662,4546,9019,1647,8806,7283,5482,920,3479,6812,3596,4364,5028,929,5009,8640,9738,1663,477,7199,444,6562,3613,9213,4288,6178,2546,5229,9554,3605,7652,5512,1770,637,924,5896,354,5830,4568,2953,565,1097,9506,4352,3368,8459,3536,5208,6037,439,1017,9948,7621,3485,6152,5008,4839,286,9484,6977,2618,1246,7775,2796,8124,92,3694,9300,8942,8831,4993,8952,8662,2555,2154,1787,6016,5978,9685,9831,2168,7637,560,6552,5912,6750,3117,6334,4440,9075,547,8006,3360,1085,5762,2453,9718,5769,9,2389,8944,488,7829,6308,8682,3929,9575,5389,576,3543,9068,9210,2875,6990,2637,6293,1147,3156,2072,195,4574,623,1114,4123,2464,3622,5079,9802,7220,5093,1100,308,7323,4035,9860,2727,8257,401,2569,5882,1197,2955,6200,595,5710,424,9632,5547,2315,3168,3933,7413,4837,543,9231,3380,300,2190,5087,3457,6335,1133,8528,5828,7221,7517,9124,4417,8174,9518,3993,8291,7193,2680,2298,1067,2289
31,6063,2299,4387,7235,7897,4210,3668,3307,8727,1182,8943,7693,9779,2024,1392,7503,7473,3977,9049,4248,5544,3978,4329,3631,2107,3748,6453,3897,5688,702,9959,8180,1345,4579,3015,6669,9171,6339,1212,2957,9840,5209,371,9172,481,2813,3025,2867,8340,1071,9923,3895,7777,1090,5511,8456,5624,2991,4718,5120,432,391,4108,3391,6645,3575,4339,1726,5652,347,8410,9016,6614,5825,8785,321,2016,7756,1893,7127,3046,5681,3053,1386,3720,1148,7211,2265,1151,7180,9673,1477,4773,6410,6217,609,6806,7137,6863,3680,9071,2956,5298,5228,2687,2629,2973,8141,1347,6269,667,8065,3953,7884,1831,1374,5384,8236,9881,2219,2187,6862,7689,288,332,1985,1629,6634,8630,8382,4030,7994,8844,1669,3688,8917,6254,2365,870,1126,7126,2766,8729,7531,8483,8632,6451,2897,3464,7326,7560,720,9851,4023,3492,7437,3317,3324,8812,5603,1954,3811,2611,3147,5929,7174,9438,1458,9303,5531,5614,5407,1517,7231,6889,9618,2648,2826,9006,6583,2879,539,7262,968,6165,1790,1668,1600,1742,4469,8126,2907,3285,7818,2724,8206,7945,6766,3721,3405
32,1241,8408,2792,3779,31,1615,6151,8443,626,2331,1928,7946,5233,9219,2383,96,5722,3908,8861,2884,10,7094,1881,4955,8493,4853,9177,7846,9355,7033,1156,1882,5950,3655,5962,2286,5415,653,5013,8795,6163,9128,7390,1073,8149,4367,3036,6384,8083,4073,6814,9358,3715,5581,4076,2518,9782,8887,9821,536,7119,5881,4651,561,3749,5860,7704,2456,1767,7389,5913,847,6166,7595,8572,524,3751,1753,7881,2775,1068,7031,6198,4277,2293,3987,6416,4067,1313,2071,5691,4249,5385,4466,2503,4812,3646,8826,8283,3123,1959,3312,2851,7661,5988,3124,5165,9924,7374,1225,8657,5269,5542,5367,5539,7112,2865,6122,764,6397,1185,3128,8136,5386,3172,4538,9944,3493,2986,4478,8666,7419,4938,6363,90,3146,3740,7363,5486,5023,1762,2874,7022,8468,6616,2740,7118,3478,6962,8949,691,2654,1275,6496,1586,3322,3480,8522,928,2067,1703,3226,1113,7666,3579,6852,8163,7241,2881,3158,9599,2348,1426,3347,8049,1075,5440,8587,9645,3645,6456,3020,9104,9120,5459,251,5299,6898,158,5744,4412,4346,2723,9874,4458,2613,1605,6057,8170,1563
33,6107,9407,679,8907,8055,5500,4399,4549,7434,6035,3752,9274,2873,7324,6952,5115,8745,9592,3228,6052,8730,7107,4252,1447,274,2656,6684,4175,5789,729,7167,2180,1265,3202,8671,8379,3401,6877,5213,2446,4046,5553,981,1953,6509,5994,8323,6059,9748,4804,6978,8920,3434,9634,14,389,9707,9628,7896,5160,2158,149,2651,6391,7383,5884,9357,8471,220,7940,1397,3661,3792,9256,3004,9437,8709,4663,2675,2664,9058,9297,6441,160,6856,2639,5747,9493,7428,3568,5939,9887,5096,7372,7624,8980,9946,9271,3062,584,3213,9346,6039,8985,6805,2774,7668,2340,8026,4597,2026,5490,6259,3066,3354,9765,1901,3567,1421,8724,5194,7240,4333,3112,3501,1475,3705,449,2663,5072,7201,8653,9474,2236,9996,1800,6756,1906,7854,5592,3938,940,8876,330,1178,9733,4978,4767,8866,2866,4234,5189,1816,5820,9204,5141,1851,569,5142,2638,4657,4257,2622,2376,6969,6007,6907,7906,1316,3840,1092,5927,4558,4772,8112,4584,1115,6352,8233,4656,546,3495,3040,3011,1597,5333,5892,7893,7129,6162,3820,8338,9381,5082,7402,2251,3182,5767,8687,7501
34,5027,2547,2606,7963,1006,2939,9443,5436,157,9110,6600,9309,6865,345,4569,4922,4971,1277,9582,1518,5054,2245,8398,2445,2596,7573,6196,7899,5793,3838,2919,7494,8110,1940,3909,3967,6991,163,5527,9454,4309,8005,2435,7029,9828,3650,1908,1601,8941,2354,7469,2089,5764,6003,2488,8452,8846,8818,8234,3176,4633,4910,7532,8758,544,2285,8738,9118,6993,523,4646,3995,7238,3533,6924,3316,6077,8585,2009,2672,6706,7140,2785,4291,4745,4785,5412,9145,3614,3220,2470,7398,9635,3079,9254,9669,8004,6651,1685,7842,1129,8176,2719,6625,9334,9952,752,2597,3974,4591,3089,3689,9059,2835,5351,5064,4687,2992,8799,5803,5135,4330,1941,2872,3910,1848,4334,4999,1802,9711,3572,8865,7869,8179,701,1,5143,3379,6272,7562,7656,6042,1947,9439,8444,5753,6559,3853,1376,9218,8783,4223,9612,9413,6637,4403,915,2473,4293,5244,8909,7506,9662,9325,1966,766,1780,4991,289,6393,1030,470,213,8144,812,7016,4553,407,6606,1107,6373,400,7715,5834,49,5680,1179,525,2415,946,5428,4604,3816,6358,5949,2316,43,5574,5623,5068
35,6572,2088,9586,6567,4982,9986,520,6728,6073,4202,6278,3246,4345,3588,4164,7021,9425,9195,168,9736,8397,8706,2694,4683,4822,8940,674,6085,9921,6870,9405,8847,1992,3467,1322,5529,7073,6066,670,7121,6251,8967,4199,7527,4875,4798,8292,4653,615,2964,5704,1189,1242,7186,2636,4976,5528,7101,4356,1499,8381,291,7498,2562,8409,4455,4590,472,3398,1852,8586,6365,2912,7779,4879,4026,7244,8225,6510,5855,3343,5697,9055,9418,7143,6691,6587,2059,9943,3733,282,2055,4766,4517,8411,4219,9103,4297,9584,9012,5596,2091,5608,8084,3851,2050,6203,3428,8021,5292,5540,5102,1951,5862,8165,4926,9617,5168,7472,6060,6036,1813,8209,3289,3282,3463,6348,4760,9569,2602,5621,9638,2126,6681,856,8611,8417,2632,3828,3936,2195,5475,8087,3270,2010,7045,7160,8477,4587,8631,2196,3254,2612,7302,3121,4936,4254,6191,4728,81,8088,9284,1025,6095,8220,3797,923,2568,5901,4545,9281,7134,7377,7505,7745,1914,1103,1803,410,9356,2379,1088,3822,5151,8733,6726,8313,84,141,2398,3785,1529,7250,7200,7385,1699,1429,4341,1077,2465
36,9551,4972,2041,3795,6202,307,379,7181,4933,2959,239,3529,7582,6242,9287,6540,3074,487,8979,3791,7648,5251,1066,1171,5369,46,2910,7490,3315,4221,8373,7042,5083,6297,9507,333,4865,6939,6563,70,5074,6553,9648,4389,8366,6315,6448,888,5050,9030,393,7267,9829,656,9183,7270,2607,3243,698,9690,491,7491,4358,5940,4000,8977,500,8081,4290,2821,203,542,1170,3174,4165,1112,5234,6434,8898,6360,2119,1063,3032,2726,1160,9229,6161,6081,3280,8449,9979,1423,1895,242,7765,6080,3416,1763,7856,7771,5089,3021,2239,8965,3225,4233,1986,1773,6954,2423,3898,891,1080,1812,5306,8933,9973,5252,7698,4557,9486,638,7149,6382,4661,9650,1040,7227,3033,1621,233,8879,737,620,6086,810,1974,651,4744,8145,5279,357,7109,2290,9015,4544,3560,1729,2802,2329,8115,5707,8451,8956,3985,2347,1641,32,6185,4749,6794,8761,8344,3807,6408,4689,9712,2076,4415,5071,9994,9369,5776,129,6982,9431,1575,4182,655,7605,3812,7276,9184,3756,9616,1163,7609,2231,9947,1130,6088,9972,85,7529,9524,5133,5002,6400,6123,4033
37,9544,4128,872,2989,6523,2085,3180,7381,908,6999,8183,5613,6498,5612,7015,7681,3086,3302,2273,9435,3376,1287,4611,1650,8502,6445,6514,3212,2151,7561,3902,5084,846,9136,1005,6768,9877,9028,7931,5106,7194,6944,6263,3638,370,2847,1049,545,7833,8968,6243,7502,3268,4184,1993,8520,145,9319,6671,6420,4891,4551,2160,6471,4135,6262,5219,2222,7182,1799,811,6313,6046,4127,4824,1843,2705,2605,2030,3741,3599,4005,1516,782,8211,4986,4838,5650,5192,7655,827,6796,501,1671,2773,6543,1014,6721,303,7613,2674,2623,4318,1523,1036,4391,2153,6480,2853,2507,3078,8972,8563,5750,6025,1312,989,9759,3027,1556,9503,3120,8251,2395,6860,5675,9420,9488,7714,1360,8542,7144,7977,1467,8903,8708,9099,5729,3339,9619,9950,5833,8389,1929,9018,3273,8770,5131,8557,9747,6098,2647,2614,8702,3010,3672,8254,4854,6678,8202,6531,9335,6455,2173,1667,971,8694,7463,1138,7394,2576,1295,3219,516,9818,6058,269,5781,1247,83,2339,8776,8556,857,1136,1462,2900,6998,5549,7163,7065,3107,7810,9326,6459,8128,3919,89,4662,7880
38,508,9734,9129,230,6986,8845,1463,5890,5472,9248,3695,4371,2495,9832,6673,8046,3153,1418,1422,8424,5530,8127,1854,881,3043,4981,8346,1716,5179,9364,4598,9726,777,7782,4594,6345,4238,3221,3765,423,3904,8465,9890,2822,4117,1915,4295,3937,7050,2124,3852,1124,9583,8168,9739,8593,8736,1723,2841,3783,1416,3326,3424,8787,7332,7357,3526,4613,7598,1756,8778,1604,6942,4028,3337,7585,2246,1404,5280,8538,7293,4236,9111,2404,9027,3782,1664,817,6253,7148,7657,9202,2311,1023,1280,1889,7709,2431,2327,4817,8435,9872,8131,4886,2609,5633,2433,6916,284,8359,6947,7914,9611,2619,169,5061,7926,6305,9857,1747,8107,922,784,2066,5248,5873,7444,4819,3882,979,4488,3962,5035,2391,2947,4850,4467,3691,3197,8570,2666,2253,636,2787,2036,7500,8496,1921,6946,8935,6115,4468,7317,6727,6110,3138,6608,54,960,2754,7623,9428,5471,4672,7040,2791,9187,7890,9536,3837,1689,9756,5042,8530,2937,7378,1135,2487,6979,1987,3763,9876,1568,7450,739,1009,9152,6574,3873,285,2269,2284,681,1183,5122,3871,6996,6795,9940,4570
39,5140,9262,8116,8652,7189,2804,2599,2832,4793,2883,3644,2810,3602,6638,4754,6945,8889,917,5460,9240,5405,3848,798,677,8811,2626,9265,5155,7817,4874,134,2283,1830,1488,7106,9298,4930,8105,9162,5310,3942,9724,3538,7861,7092,6464,6688,4398,4777,987,2418,3821,8060,5119,7799,7593,2104,1782,3077,8178,8579,2304,9642,4095,408,6354,9630,3245,5809,4789,6623,8998,3558,3397,7603,6189,9394,7971,4899,3515,5868,5663,6649,7594,7660,2915,4441,7507,4643,9242,8177,1154,3137,1239,4275,6762,8401,3874,2985,3198,9154,7577,6091,5960,8600,7725,7626,9929,899,8274,3850,5029,6333,7950,6648,2356,3071,6745,3151,3217,2750,4535,271,3233,1471,1595,7100,6021,4842,4962,1057,2138,4218,2615,1227,4351,6241,7223,6730,6854,7886,7417,5797,5507,8782,8308,2811,7952,2997,9808,8091,1715,621,6033,3462,8040,1022,9393,342,9837,631,6255,187,5423,538,7758,9004,4024,4404,554,9036,9681,9951,9510,7336,2755,5324,570,3489,2167,1594,947,7969,4913,7168,4354,9263,4608,8387,530,2697,6775,2027,9415,1913,1194,7185,9095,6884,7103
40,7271,8014,2984,5078,8396,1060,8529,3528,7158,7430,6948,8357,2856,1984,353,6284,8904,1527,4181,7541,245,7865,8527,8514,66,1536,340,641,8341,6850,405,2260,6131,4237,1038,2550,2494,5044,5397,5620,9709,388,5859,5147,3308,493,7533,9500,4068,3494,7868,4719,3612,5864,7578,2491,461,851,9070,144,2564,7462,3310,2328,5400,8589,9227,3841,6704,2325,4960,8642,1473,4684,1697,7442,5015,9602,2476,1690,6271,4794,7459,3520,6493,7992,7024,8970,5763,2604,8966,3551,5284,6199,2593,4250,1297,5022,654,7535,2572,3994,3847,3000,3574,909,8480,7154,855,8853,1003,2655,1064,9897,4859,6927,1883,2300,2443,9215,6208,7011,2156,9460,8029,33,6994,9963,6974,9333,6597,5919,2409,1526,5924,8739,7329,5657,1358,6153,7338,2363,7354,7853,5510,2497,5388,4482,8114,8416,6055,6237,6819,6932,2114,9384,6070,3028,9485,6949,3063,2150,7504,934,6159,4679,2295,8655,4374,8200,6504,629,9308,9640,4977,4178,8319,2761,7161,6590,8947,6376,8597,4948,4129,1430,557,1749,5477,8673,5355,4438,1733,5468,3279,1132,4349,753,5448,7318
41,9387,7752,7898,9462,5725,6767,8339,4533,212,4870,5756,3943,2128,1549,8334,1636,9085,9336,3411,8751,540,6298,2777,4799,1539,1478,4878,9286,2886,9034,835,173,3643,3050,1962,7177,8448,5579,8158,3114,9270,7415,6478,2077,603,305,3979,5353,5094,7934,8320,5917,2121,6282,7982,9264,5455,3287,5422,34,1193,3934,232,9185,6533,7387,2888,3292,4121,2475,6004,5170,8027,2898,505,7783,7832,6374,3390,3935,837,5583,3096,77,5225,5235,3514,8478,5037,7628,2082,2695,5295,7741,2056,8121,6426,9850,4337,9769,4615,3562,4664,3338,6023,5788,9360,1229,6660,7710,966,6549,6744,4973,290,9315,5065,9280,8405,6793,3325,1866,5390,8057,6937,5487,9253,6936,5726,8573,3488,8355,3030,5984,5066,5693,7448,8848,3557,2644,1633,7669,5559,6585,910,6754,3633,296,9455,612,8295,5794,6291,6264,2343,1004,1169,9791,6683,9235,1013,1145,509,9794,7396,4103,2890,2481,6343,5327,5714,9603,8953,9875,5319,8196,6858,3143,1321,7726,7218,2141,3090,3098,1123,3584,1110,2987,999,1337,7790,7030,1270,4562,9811,152,2240,9809,4987,2701
42,7425,2218,816,5202,9092,7738,7054,4863,6236,4516,1498,2198,4156,9252,1859,2588,6359,8403,6955,2996,6404,5805,8425,4935,7923,5727,4350,6654,6941,7800,7132,1228,1437,9221,8137,5191,1598,8427,7465,5635,7074,9112,6770,1230,7409,7204,639,2023,1020,1417,1655,9689,6773,6205,9852,7556,1201,6524,5785,118,1349,1348,3205,5715,2420,8534,1339,9024,4185,5445,5853,4561,1106,2524,4195,4133,8777,9982,383,2403,1778,7172,9307,4668,5325,2452,6347,9101,3505,3658,496,7111,907,3889,3087,2917,4827,7070,8618,1674,997,6356,9268,5748,6973,9606,1540,6883,7789,8900,7742,3541,2525,6787,4335,2454,2789,3697,813,2361,4390,7039,1627,6882,9699,3445,8884,2513,397,3388,779,742,5113,4618,7110,6446,7750,5972,2958,6713,4580,492,16,1042,5481,5103,6460,8588,3653,8391,4512,2758,483,9695,8426,485,6102,1537,6226,4832,465,802,1700,4898,3456,179,3769,3075,6388,4507,3760,7649,4304,4166,5124,8963,8280,4820,1520,646,4511,5463,6799,6925,7908,8249,1612,2728,4420,6245,9537,1912,5466,2932,3726,8565,574,3092,8620,3570
43,9841,5281,9542,3692,5845,1362,3585,5335,2943,3511,312,7917,1165,7356,8330,9471,5818,7597,9868,166,4004,210,7576,2905,1817,3435,791,9066,8971,3073,7151,8888,3306,8880,5308,6000,9942,3552,2037,5277,6096,5483,4988,1653,1970,8175,4625,196,768,6290,381,1286,4456,4708,3718,4693,1320,3356,1837,9625,2216,5470,8718,3866,6487,4947,1874,7018,4637,4696,7213,7055,8437,4601,7769,6575,5979,9797,9178,8540,326,6550,6121,238,598,252,9555,5095,9541,9647,7461,8772,8093,3554,6539,9445,1368,5754,3675,5625,4624,2142,4942,451,8664,1257,1439,8421,1454,181,5221,4577,2147,1449,9735,5667,2929,8536,3256,8954,9933,3237,5199,3817,3500,2307,8132,8074,1290,2966,5838,3118,2211,8072,8843,7000,1958,2148,6317,522,7342,6326,363,5307,3328,8605,1714,8071,7153,2502,6093,329,3299,494,6556,3034,3969,5076,6832,466,8734,1839,4361,761,319,6909,8063,6479,2132,2011,6702,1444,2137,4732,4967,9774,8476,9664,1944,9620,9568,3402,5339,9296,8833,8374,5806,4900,4082,2759,9116,4559,1016,2669,9866,3754,4996,6696,7792,4270
44,8934,9949,6238,3320,9991,6006,7190,4530,3335,6366,9255,7202,7891,5356,6642,5437,6920,4555,990,9786,1142,8921,7566,6501,9913,7814,8840,2318,7364,5414,9046,3035,6547,9429,6842,8692,2871,5906,7658,9600,8551,722,8466,1579,2895,3635,5705,2472,5943,4376,9376,6716,3824,7432,1353,1329,2449,8142,97,6364,4190,8808,3542,8875,3513,1453,5863,2063,5305,1514,7586,9971,8008,562,7436,1443,280,8680,5784,2595,9578,9257,1935,1558,3449,4470,2048,5997,8992,5813,3744,568,8749,7604,7688,6043,53,3269,2471,9742,9545,3989,4887,6647,3578,9353,7991,1849,60,6387,5870,8258,467,3573,442,6904,2668,6701,4198,5944,3808,9549,6643,3625,6173,6130,3487,6439,6370,7334,6176,7386,8654,4857,5869,1732,8504,5654,4536,3582,2377,8232,6312,9163,1079,5227,3095,248,8475,9022,9511,1542,1266,4045,5700,7622,8000,4041,6350,6064,1675,334,9799,3140,4307,2493,5921,4823,7067,2451,7900,8541,9261,36,3589,5986,744,8244,8208,8059,8526,454,1377,8816,9865,2013,7429,5316,8300,22,8122,2940,5628,2567,1737,4828,8560,5372,6899,3291
45,3247,5885,1283,6409,4934,9035,9417,5366,4255,3381,8138,9293,7552,7642,4424,8418,2205,8499,708,2226,352,7452,9698,758,5148,1172,8864,6318,939,9527,9267,1673,1840,5488,1522,71,732,186,6774,7489,6407,6186,2115,7815,3876,5898,7410,9691,8139,5300,6164,6851,4756,4655,3264,9666,8764,4481,3200,878,2734,914,9395,3546,7082,8082,2175,3332,1296,2679,264,715,2617,9345,5752,1994,6143,7786,7607,7676,4435,2981,5819,4186,1783,9465,749,7125,850,1219,7565,15,3267,1308,1031,8023,5630,167,3833,7579,608,1238,1593,5136,2122,8995,586,1391,8492,6677,9918,903,6325,1634,5328,6538,1445,3018,1047,9176,9258,8439,3834,2725,7179,6686,5648,6462,497,7117,6303,4616,9937,8521,8070,6320,5731,9048,314,3561,3869,6915,2407,8002,6820,2744,4496,1245,6222,8779,3393,7996,395,9294,287,3160,2578,7867,9147,1415,8230,8650,8457,1400,5594,6824,9517,1497,8988,9150,2191,948,1069,4320,4452,4140,2528,2426,3196,6394,256,4734,5551,5849,7315,8937,50,8800,664,6631,6213,6935,430,2116,7495,1255,4783,9741,6340,769
46,6873,6790,5215,4274,5018,3104,6975,450,5302,1494,7359,4490,8228,3736,7659,6834,1021,2264,6201,6765,2106,453,9823,7471,1538,1547,3559,4778,469,8348,582,6610,4022,6902,9339,8987,4528,5537,100,4224,5036,8195,5166,427,5591,4505,2512,2911,9668,1500,3159,1616,5689,4312,5246,9930,2536,1128,512,7705,7150,8155,7097,6966,2970,5130,1149,6938,8307,6424,6722,8051,3842,8852,1823,5242,7821,3452,9745,4628,125,5031,226,9505,8038,5780,8445,2440,3597,6430,8454,6468,365,5270,9766,8973,6780,3468,6362,4686,514,9713,190,4201,2756,1311,3530,7944,8332,5590,3886,7791,8428,5560,4945,9069,5886,5766,9042,2684,967,4582,718,6194,4873,9580,7894,1665,4280,4703,933,1574,7349,1434,5374,1208,1483,5660,3968,4422,1515,8335,4152,2757,2749,6528,2164,123,9729,8473,9468,6885,3849,1807,2906,8390,9285,4884,1428,7001,9885,7169,109,9565,6680,4093,3569,9934,4721,8189,5126,9494,1545,6518,4142,731,8613,3777,5376,5049,376,9451,3535,9684,1298,9329,9777,6560,201,3157,4852,5903,9731,6069,9753,4256,293,3133,8867,2353
47,2130,2699,1630,151,5959,5261,4997,7457,8482,6619,9047,4241,865,9908,6757,6005,6442,3,1890,7009,3085,4927,8554,8191,8784,7166,6258,5185,4289,1044,5434,2977,5426,2341,9038,8324,4338,3346,8886,146,1873,8633,9400,7365,3617,4269,2434,5117,7753,7770,1029,9361,6840,1359,9243,4880,5421,3885,8090,9687,7875,3412,551,6256,1127,3976,7644,3048,1510,4765,4729,4267,9175,1666,3005,5322,8707,936,8290,3417,625,930,5617,8746,2094,5545,1982,11,3775,216,94,6450,4813,2189,3863,885,3476,5779,7281,428,8868,1332,1721,6084,9703,1907,3664,9758,9190,2922,59,3222,1938,616,4563,5492,3899,4573,7687,5379,8993,6825,4395,6281,652,820,3009,7774,1705,6764,3912,394,6133,3383,685,2782,6436,7938,8047,6116,3429,4762,6866,6092,3369,7876,836,3610,8388,6965,7910,7526,2369,3997,2281,6129,3676,8735,5338,5567,4244,682,6959,5905,2640,392,438,3583,6607,8893,3860,956,3386,9571,3314,5758,7646,3166,7921,9436,2779,867,4592,479,5670,2163,7830,8841,2877,8034,7049,7084,135,5449,1083,7004,382,398,7548,9686
48,6992,3881,447,422,4554,5990,4204,6710,1502,5938,4279,3950,6826,963,7722,6667,495,3311,7351,5658,9067,1341,7496,9999,8677,5146,5521,3404,8914,1584,5837,7023,2332,73,8601,5043,7379,2557,795,5178,309,7327,8037,3419,8592,3787,219,1863,7933,2492,4007,8406,8506,1687,5832,8272,3854,4134,7263,448,4707,9968,3375,590,5993,8802,9052,7686,5824,6661,727,7767,8839,5006,3540,2310,2676,6274,5499,5417,4453,805,6390,6329,2505,6720,4764,8058,2660,5637,2902,3519,1180,633,9350,9496,38,912,970,6546,5792,9905,9928,1847,1952,3045,1798,3502,313,1835,4952,8791,3796,2729,4414,2817,3810,2995,1649,8119,8835,4727,1942,8996,3927,8578,5772,6483,5145,4303,7804,3286,9660,6268,5458,8050,2139,5465,8712,2812,1436,2442,1867,3155,52,6613,4492,2586,1858,9421,3922,797,9906,1446,6216,9475,2772,8235,6,6323,9512,1552,7441,6341,2667,3378,6040,2362,2742,5857,3673,7641,4146,6234,5638,6906,3923,6628,254,5241,2416,8237,5651,4782,8150,8646,4818,9109,4365,5271,7066,9935,9581,2408,6525,4714,2256,1504,1050,2336
49,3845,1141,3173,6250,2178,2020,214,7539,8628,2645,2529,4061,6580,5150,2382,7239,4700,9893,8241,124,5059,8532,5413,7872,9061,8837,9133,7424,5057,3400,2823,1865,3868,3331,5317,7602,3026,399,2364,5647,5107,318,7647,9665,9273,985,9020,2972,8915,1244,8385,9953,9371,3069,7694,1791,1740,8415,4816,8048,1487,647,9927,8982,4308,5358,7406,4392,4781,3928,359,8863,4931,2385,5254,591,4316,6385,617,3506,5399,624,3843,2279,7816,9879,1628,2326,3917,7316,635,7671,6951,3385,1218,3277,6458,2078,436,6737,3240,2368,1581,6190,5495,5210,5812,4157,5205,1086,6813,4168,5738,5283,3608,1751,3321,5610,3145,4752,780,9029,577,4932,4010,5469,8095,3806,4659,5532,4298,148,2784,8025,5844,2530,7732,7069,5516,5041,6582,103,728,7916,1223,2045,9013,4212,602,8817,3097,5401,7466,4258,3362,5916,9090,8711,4460,8999,3872,6968,4902,3649,9404,1413,1091,4407,4928,965,5980,2136,7407,8213,4476,1719,6617,2522,2004,9479,6470,4268,6224,1033,6797,3766,8489,2003,7290,2818,3037,1792,6810,6310,3891,6307,7947,7081,4889,2309
